<config>
    <interface hosts="InternetHost" names="eth*" address="10.1.1.x" netmask=""/>
    <interface hosts="UE1" names="eth*" address="10.1.1.x" netmask=""/>
	<interface hosts="UE2" names="eth*" address="10.1.1.x" netmask=""/>
	<interface hosts="UE3" names="eth*" address="10.1.1.x" netmask=""/>
	<interface hosts="*" names="eth*" address="10.1.1.x" netmask="255.255.x.x"/>
	
	<interface hosts="pgwStandard" names="ppp*" address="192.168.x.x" netmask="255.255.255.0"/>
	<interface hosts="sgwStandard*" names="ppp*" address="192.168.x.x" netmask="255.255.255.0"/>
	<interface hosts="eNB*" names="ppp*" address="192.168.x.x" netmask="255.255.255.0"/>    
    <interface hosts="*" names="ppp*" address="192.168.x.x" netmask="255.255.x.x"/>
</config>