<?xml version="1.0" encoding="ISO-8859-1"?>

<config>

	<!-- from GTP tunnel information to GTP tunnel information -->
	<teidTable>
		<!-- Local Address -->
		<teid 
			teidIn  ="0"
			teidOut ="-1"
			nextHop ="0.0.0.0"
		/>
	</teidTable>
	
	<!-- from tftIdentifier to GTP tunnel information -->
	<tftTable>
		<tft 
			tftId   ="12"
			teidOut ="12"
			nextHop ="192.168.9.1"
		/>
		<tft 
			tftId   ="6"
			teidOut ="6"
			nextHop ="192.168.9.1"
		/>
	</tftTable>
	
	<!-- from destination address to tftIdentifier -->
	<filterTable>
		<filter
			destName   = "InternetHost"
			srcName    = "UE2"
			tftId      = "12"     
		/>
		<filter
			destName   = "UE1"
			srcName    = "UE2"
			tftId      = "6"     
		/>
	</filterTable>
</config>