<?xml version="1.0" encoding="ISO-8859-1"?>

<config>
	<!-- from GTP tunnel information to GTP tunnel information -->
	<teidTable>
		<teid 
			teidIn  ="2"
			teidOut ="0"
			nextHop ="192.168.6.1"
		/>
		<teid 
			teidIn  ="3"
			teidOut ="0"
			nextHop ="192.168.2.1"
		/>
		<teid 
			teidIn  ="12"
			teidOut ="0"
			nextHop ="192.168.0.1"
		/>
		<teid 
			teidIn  ="13"
			teidOut ="0"
			nextHop ="192.168.0.1"
		/>
		
		<!-- UE to UE connections --> 
		<teid 
			teidIn  ="4"
			teidOut ="0"
			nextHop ="192.168.6.1"
		/>		
		<teid 
			teidIn  ="5"
			teidOut ="0"
			nextHop ="192.168.2.1"
		/>
		<teid 
			teidIn  ="6"
			teidOut ="6"
			nextHop ="192.168.0.1"
		/>
		<!-- ===================== -->
	</teidTable>
</config>